[
{
  "model": "portal.ingredient",
  "pk": 1,
  "fields": {
    "name": "Alho",
    "description": ""
  }
},
{
  "model": "portal.ingredient",
  "pk": 2,
  "fields": {
    "name": "Atum",
    "description": ""
  }
},
{
  "model": "portal.ingredient",
  "pk": 3,
  "fields": {
    "name": "Azeitona",
    "description": ""
  }
},
{
  "model": "portal.ingredient",
  "pk": 4,
  "fields": {
    "name": "Azeitona Preta",
    "description": ""
  }
},
{
  "model": "portal.ingredient",
  "pk": 5,
  "fields": {
    "name": "Bacon",
    "description": ""
  }
},
{
  "model": "portal.ingredient",
  "pk": 6,
  "fields": {
    "name": "Banana",
    "description": ""
  }
},
{
  "model": "portal.ingredient",
  "pk": 7,
  "fields": {
    "name": "Batata palha",
    "description": ""
  }
},
{
  "model": "portal.ingredient",
  "pk": 8,
  "fields": {
    "name": "Bombom",
    "description": ""
  }
},
{
  "model": "portal.ingredient",
  "pk": 9,
  "fields": {
    "name": "Br\u00f3colis",
    "description": ""
  }
},
{
  "model": "portal.ingredient",
  "pk": 10,
  "fields": {
    "name": "Calabresa",
    "description": ""
  }
},
{
  "model": "portal.ingredient",
  "pk": 11,
  "fields": {
    "name": "Catupiry",
    "description": ""
  }
},
{
  "model": "portal.ingredient",
  "pk": 12,
  "fields": {
    "name": "Cebola",
    "description": ""
  }
},
{
  "model": "portal.ingredient",
  "pk": 13,
  "fields": {
    "name": "Champignon",
    "description": ""
  }
},
{
  "model": "portal.ingredient",
  "pk": 14,
  "fields": {
    "name": "Chedar",
    "description": ""
  }
},
{
  "model": "portal.ingredient",
  "pk": 15,
  "fields": {
    "name": "Chocolate",
    "description": ""
  }
},
{
  "model": "portal.ingredient",
  "pk": 16,
  "fields": {
    "name": "Coco",
    "description": ""
  }
},
{
  "model": "portal.ingredient",
  "pk": 17,
  "fields": {
    "name": "Cora\u00e7\u00e3o",
    "description": ""
  }
},
{
  "model": "portal.ingredient",
  "pk": 18,
  "fields": {
    "name": "Fil\u00e9",
    "description": ""
  }
},
{
  "model": "portal.ingredient",
  "pk": 19,
  "fields": {
    "name": "Frango",
    "description": ""
  }
},
{
  "model": "portal.ingredient",
  "pk": 20,
  "fields": {
    "name": "Gemada",
    "description": ""
  }
},
{
  "model": "portal.ingredient",
  "pk": 21,
  "fields": {
    "name": "Gorgonzola",
    "description": ""
  }
},
{
  "model": "portal.ingredient",
  "pk": 22,
  "fields": {
    "name": "Leite condensado",
    "description": ""
  }
},
{
  "model": "portal.ingredient",
  "pk": 23,
  "fields": {
    "name": "Lombo",
    "description": ""
  }
},
{
  "model": "portal.ingredient",
  "pk": 24,
  "fields": {
    "name": "Milho",
    "description": ""
  }
},
{
  "model": "portal.ingredient",
  "pk": 25,
  "fields": {
    "name": "MMs",
    "description": ""
  }
},
{
  "model": "portal.ingredient",
  "pk": 26,
  "fields": {
    "name": "Morango",
    "description": ""
  }
},
{
  "model": "portal.ingredient",
  "pk": 27,
  "fields": {
    "name": "Mussarela",
    "description": ""
  }
},
{
  "model": "portal.ingredient",
  "pk": 28,
  "fields": {
    "name": "Or\u00e9gano",
    "description": ""
  }
},
{
  "model": "portal.ingredient",
  "pk": 29,
  "fields": {
    "name": "Ovo de Codorna",
    "description": ""
  }
},
{
  "model": "portal.ingredient",
  "pk": 30,
  "fields": {
    "name": "Palha",
    "description": ""
  }
},
{
  "model": "portal.ingredient",
  "pk": 31,
  "fields": {
    "name": "Palmito",
    "description": ""
  }
},
{
  "model": "portal.ingredient",
  "pk": 32,
  "fields": {
    "name": "Parmes\u00e3o",
    "description": ""
  }
},
{
  "model": "portal.ingredient",
  "pk": 33,
  "fields": {
    "name": "Pimenta",
    "description": ""
  }
},
{
  "model": "portal.ingredient",
  "pk": 34,
  "fields": {
    "name": "Piment\u00e3o",
    "description": ""
  }
},
{
  "model": "portal.ingredient",
  "pk": 35,
  "fields": {
    "name": "Presunto",
    "description": ""
  }
},
{
  "model": "portal.ingredient",
  "pk": 36,
  "fields": {
    "name": "Provolone",
    "description": ""
  }
},
{
  "model": "portal.ingredient",
  "pk": 37,
  "fields": {
    "name": "R\u00facula",
    "description": ""
  }
},
{
  "model": "portal.ingredient",
  "pk": 38,
  "fields": {
    "name": "Strogonoff",
    "description": ""
  }
},
{
  "model": "portal.ingredient",
  "pk": 39,
  "fields": {
    "name": "Tomate",
    "description": ""
  }
},
{
  "model": "portal.ingredient",
  "pk": 40,
  "fields": {
    "name": "Tomate seco",
    "description": ""
  }
},
{
  "model": "portal.ingredient",
  "pk": 41,
  "fields": {
    "name": "\u00d3leo",
    "description": ""
  }
},
{
  "model": "portal.ingredient",
  "pk": 42,
  "fields": {
    "name": "Molho",
    "description": "Molho"
  }
},
{
  "model": "portal.pizza",
  "pk": 1,
  "fields": {
    "code": 2,
    "name": "Frango com Catupiry"
  }
},
{
  "model": "portal.pizza",
  "pk": 2,
  "fields": {
    "code": 3,
    "name": "Moda Casa"
  }
},
{
  "model": "portal.pizza",
  "pk": 3,
  "fields": {
    "code": 4,
    "name": "Calabresa 1"
  }
},
{
  "model": "portal.pizza",
  "pk": 4,
  "fields": {
    "code": 5,
    "name": "Presunto"
  }
},
{
  "model": "portal.pizza",
  "pk": 5,
  "fields": {
    "code": 6,
    "name": "Bacon"
  }
},
{
  "model": "portal.pizza",
  "pk": 6,
  "fields": {
    "code": 7,
    "name": "Palmito"
  }
},
{
  "model": "portal.pizza",
  "pk": 7,
  "fields": {
    "code": 8,
    "name": "Strogonoff"
  }
},
{
  "model": "portal.pizza",
  "pk": 8,
  "fields": {
    "code": 9,
    "name": "Strogonoff com Palha"
  }
},
{
  "model": "portal.pizza",
  "pk": 9,
  "fields": {
    "code": 10,
    "name": "Cora\u00e7\u00e3o"
  }
},
{
  "model": "portal.pizza",
  "pk": 10,
  "fields": {
    "code": 11,
    "name": "Calabresa 2"
  }
},
{
  "model": "portal.pizza",
  "pk": 11,
  "fields": {
    "code": 12,
    "name": "Ga\u00facho"
  }
},
{
  "model": "portal.pizza",
  "pk": 12,
  "fields": {
    "code": 13,
    "name": "Mussarela"
  }
},
{
  "model": "portal.pizza",
  "pk": 13,
  "fields": {
    "code": 14,
    "name": "Catupiry"
  }
},
{
  "model": "portal.pizza",
  "pk": 14,
  "fields": {
    "code": 15,
    "name": "Provolone"
  }
},
{
  "model": "portal.pizza",
  "pk": 15,
  "fields": {
    "code": 16,
    "name": "4 Queijos"
  }
},
{
  "model": "portal.pizza",
  "pk": 16,
  "fields": {
    "code": 17,
    "name": "5 Queijos"
  }
},
{
  "model": "portal.pizza",
  "pk": 17,
  "fields": {
    "code": 18,
    "name": "6 Queijos"
  }
},
{
  "model": "portal.pizza",
  "pk": 18,
  "fields": {
    "code": 19,
    "name": "Fil\u00e9 com Alho"
  }
},
{
  "model": "portal.pizza",
  "pk": 19,
  "fields": {
    "code": 20,
    "name": "Fil\u00e9 com Palha"
  }
},
{
  "model": "portal.pizza",
  "pk": 20,
  "fields": {
    "code": 21,
    "name": "Lombo"
  }
},
{
  "model": "portal.pizza",
  "pk": 21,
  "fields": {
    "code": 22,
    "name": "Atum"
  }
},
{
  "model": "portal.pizza",
  "pk": 22,
  "fields": {
    "code": 23,
    "name": "Milho 1"
  }
},
{
  "model": "portal.pizza",
  "pk": 23,
  "fields": {
    "code": 24,
    "name": "Palmito"
  }
},
{
  "model": "portal.pizza",
  "pk": 24,
  "fields": {
    "code": 25,
    "name": "Tomate"
  }
},
{
  "model": "portal.pizza",
  "pk": 25,
  "fields": {
    "code": 26,
    "name": "Tomate seco"
  }
},
{
  "model": "portal.pizza",
  "pk": 26,
  "fields": {
    "code": 27,
    "name": "Alho e \u00d3leo"
  }
},
{
  "model": "portal.pizza",
  "pk": 27,
  "fields": {
    "code": 28,
    "name": "Milho 2"
  }
},
{
  "model": "portal.pizza",
  "pk": 28,
  "fields": {
    "code": 29,
    "name": "Br\u00f3colis"
  }
},
{
  "model": "portal.pizza",
  "pk": 29,
  "fields": {
    "code": 30,
    "name": "Calabresa 3"
  }
},
{
  "model": "portal.pizza",
  "pk": 30,
  "fields": {
    "code": 31,
    "name": "Banana"
  }
},
{
  "model": "portal.pizza",
  "pk": 31,
  "fields": {
    "code": 32,
    "name": "Chocolate"
  }
},
{
  "model": "portal.pizza",
  "pk": 32,
  "fields": {
    "code": 33,
    "name": "Chocolate com Pimenta"
  }
},
{
  "model": "portal.pizza",
  "pk": 33,
  "fields": {
    "code": 34,
    "name": "Chocolate com Morango"
  }
},
{
  "model": "portal.pizza",
  "pk": 34,
  "fields": {
    "code": 35,
    "name": "Chocolate com Bombom"
  }
},
{
  "model": "portal.pizza",
  "pk": 35,
  "fields": {
    "code": 36,
    "name": "Chocolate com MMs"
  }
},
{
  "model": "portal.pizza",
  "pk": 36,
  "fields": {
    "code": 37,
    "name": "Chocolate com Coco"
  }
},
{
  "model": "portal.pizza",
  "pk": 37,
  "fields": {
    "code": 1,
    "name": "Frango"
  }
},
{
  "model": "portal.pizzaingredient",
  "pk": 1,
  "fields": {
    "pizza": 37,
    "ingredient": 19,
    "order": 1
  }
},
{
  "model": "portal.pizzaingredient",
  "pk": 2,
  "fields": {
    "pizza": 37,
    "ingredient": 27,
    "order": 2
  }
},
{
  "model": "portal.pizzaingredient",
  "pk": 3,
  "fields": {
    "pizza": 37,
    "ingredient": 28,
    "order": 3
  }
},
{
  "model": "portal.pizzaingredient",
  "pk": 4,
  "fields": {
    "pizza": 37,
    "ingredient": 42,
    "order": 4
  }
},
{
  "model": "portal.pizzaingredient",
  "pk": 5,
  "fields": {
    "pizza": 1,
    "ingredient": 19,
    "order": 1
  }
},
{
  "model": "portal.pizzaingredient",
  "pk": 6,
  "fields": {
    "pizza": 1,
    "ingredient": 11,
    "order": 2
  }
},
{
  "model": "portal.pizzaingredient",
  "pk": 7,
  "fields": {
    "pizza": 1,
    "ingredient": 27,
    "order": 3
  }
},
{
  "model": "portal.pizzaingredient",
  "pk": 8,
  "fields": {
    "pizza": 1,
    "ingredient": 28,
    "order": 4
  }
},
{
  "model": "portal.pizzaingredient",
  "pk": 9,
  "fields": {
    "pizza": 1,
    "ingredient": 42,
    "order": 5
  }
},
{
  "model": "portal.pizzaingredient",
  "pk": 10,
  "fields": {
    "pizza": 2,
    "ingredient": 18,
    "order": 1
  }
},
{
  "model": "portal.pizzaingredient",
  "pk": 11,
  "fields": {
    "pizza": 2,
    "ingredient": 5,
    "order": 2
  }
},
{
  "model": "portal.pizzaingredient",
  "pk": 12,
  "fields": {
    "pizza": 2,
    "ingredient": 35,
    "order": 3
  }
},
{
  "model": "portal.pizzaingredient",
  "pk": 13,
  "fields": {
    "pizza": 2,
    "ingredient": 29,
    "order": 4
  }
},
{
  "model": "portal.pizzaingredient",
  "pk": 14,
  "fields": {
    "pizza": 2,
    "ingredient": 39,
    "order": 5
  }
},
{
  "model": "portal.pizzaingredient",
  "pk": 15,
  "fields": {
    "pizza": 2,
    "ingredient": 11,
    "order": 6
  }
},
{
  "model": "portal.pizzaingredient",
  "pk": 16,
  "fields": {
    "pizza": 2,
    "ingredient": 28,
    "order": 7
  }
},
{
  "model": "portal.pizzaingredient",
  "pk": 17,
  "fields": {
    "pizza": 2,
    "ingredient": 42,
    "order": 8
  }
},
{
  "model": "portal.pizzaingredient",
  "pk": 18,
  "fields": {
    "pizza": 3,
    "ingredient": 10,
    "order": 1
  }
},
{
  "model": "portal.pizzaingredient",
  "pk": 19,
  "fields": {
    "pizza": 3,
    "ingredient": 35,
    "order": 2
  }
},
{
  "model": "portal.pizzaingredient",
  "pk": 20,
  "fields": {
    "pizza": 3,
    "ingredient": 13,
    "order": 3
  }
},
{
  "model": "portal.pizzaingredient",
  "pk": 21,
  "fields": {
    "pizza": 3,
    "ingredient": 34,
    "order": 4
  }
},
{
  "model": "portal.pizzaingredient",
  "pk": 22,
  "fields": {
    "pizza": 3,
    "ingredient": 27,
    "order": 5
  }
},
{
  "model": "portal.pizzaingredient",
  "pk": 23,
  "fields": {
    "pizza": 3,
    "ingredient": 39,
    "order": 6
  }
},
{
  "model": "portal.pizzaingredient",
  "pk": 24,
  "fields": {
    "pizza": 3,
    "ingredient": 28,
    "order": 7
  }
},
{
  "model": "portal.pizzaingredient",
  "pk": 25,
  "fields": {
    "pizza": 3,
    "ingredient": 42,
    "order": 8
  }
},
{
  "model": "portal.pizzaingredient",
  "pk": 26,
  "fields": {
    "pizza": 4,
    "ingredient": 35,
    "order": 1
  }
},
{
  "model": "portal.pizzaingredient",
  "pk": 27,
  "fields": {
    "pizza": 4,
    "ingredient": 27,
    "order": 2
  }
},
{
  "model": "portal.pizzaingredient",
  "pk": 28,
  "fields": {
    "pizza": 4,
    "ingredient": 39,
    "order": 3
  }
},
{
  "model": "portal.pizzaingredient",
  "pk": 29,
  "fields": {
    "pizza": 4,
    "ingredient": 12,
    "order": 4
  }
},
{
  "model": "portal.pizzaingredient",
  "pk": 30,
  "fields": {
    "pizza": 4,
    "ingredient": 3,
    "order": 5
  }
},
{
  "model": "portal.pizzaingredient",
  "pk": 31,
  "fields": {
    "pizza": 4,
    "ingredient": 28,
    "order": 6
  }
},
{
  "model": "portal.pizzaingredient",
  "pk": 32,
  "fields": {
    "pizza": 4,
    "ingredient": 42,
    "order": 7
  }
},
{
  "model": "portal.pizzaingredient",
  "pk": 33,
  "fields": {
    "pizza": 5,
    "ingredient": 5,
    "order": 1
  }
},
{
  "model": "portal.pizzaingredient",
  "pk": 34,
  "fields": {
    "pizza": 5,
    "ingredient": 27,
    "order": 2
  }
},
{
  "model": "portal.pizzaingredient",
  "pk": 35,
  "fields": {
    "pizza": 5,
    "ingredient": 12,
    "order": 3
  }
},
{
  "model": "portal.pizzaingredient",
  "pk": 36,
  "fields": {
    "pizza": 5,
    "ingredient": 3,
    "order": 4
  }
},
{
  "model": "portal.pizzaingredient",
  "pk": 37,
  "fields": {
    "pizza": 5,
    "ingredient": 28,
    "order": 5
  }
},
{
  "model": "portal.pizzaingredient",
  "pk": 38,
  "fields": {
    "pizza": 5,
    "ingredient": 42,
    "order": 6
  }
},
{
  "model": "portal.pizzaingredient",
  "pk": 39,
  "fields": {
    "pizza": 6,
    "ingredient": 31,
    "order": 1
  }
},
{
  "model": "portal.pizzaingredient",
  "pk": 40,
  "fields": {
    "pizza": 6,
    "ingredient": 5,
    "order": 2
  }
},
{
  "model": "portal.pizzaingredient",
  "pk": 41,
  "fields": {
    "pizza": 6,
    "ingredient": 27,
    "order": 3
  }
},
{
  "model": "portal.pizzaingredient",
  "pk": 42,
  "fields": {
    "pizza": 6,
    "ingredient": 28,
    "order": 4
  }
},
{
  "model": "portal.pizzaingredient",
  "pk": 43,
  "fields": {
    "pizza": 6,
    "ingredient": 42,
    "order": 5
  }
},
{
  "model": "portal.pizzaingredient",
  "pk": 44,
  "fields": {
    "pizza": 7,
    "ingredient": 38,
    "order": 1
  }
},
{
  "model": "portal.pizzaingredient",
  "pk": 45,
  "fields": {
    "pizza": 7,
    "ingredient": 27,
    "order": 2
  }
},
{
  "model": "portal.pizzaingredient",
  "pk": 46,
  "fields": {
    "pizza": 7,
    "ingredient": 28,
    "order": 3
  }
},
{
  "model": "portal.pizzaingredient",
  "pk": 47,
  "fields": {
    "pizza": 7,
    "ingredient": 42,
    "order": 4
  }
},
{
  "model": "portal.pizzaingredient",
  "pk": 48,
  "fields": {
    "pizza": 8,
    "ingredient": 38,
    "order": 1
  }
},
{
  "model": "portal.pizzaingredient",
  "pk": 49,
  "fields": {
    "pizza": 8,
    "ingredient": 7,
    "order": 2
  }
},
{
  "model": "portal.pizzaingredient",
  "pk": 50,
  "fields": {
    "pizza": 8,
    "ingredient": 27,
    "order": 3
  }
},
{
  "model": "portal.pizzaingredient",
  "pk": 51,
  "fields": {
    "pizza": 8,
    "ingredient": 28,
    "order": 4
  }
},
{
  "model": "portal.pizzaingredient",
  "pk": 52,
  "fields": {
    "pizza": 8,
    "ingredient": 42,
    "order": 5
  }
},
{
  "model": "portal.pizzaingredient",
  "pk": 53,
  "fields": {
    "pizza": 9,
    "ingredient": 17,
    "order": 1
  }
},
{
  "model": "portal.pizzaingredient",
  "pk": 54,
  "fields": {
    "pizza": 9,
    "ingredient": 27,
    "order": 2
  }
},
{
  "model": "portal.pizzaingredient",
  "pk": 55,
  "fields": {
    "pizza": 9,
    "ingredient": 28,
    "order": 3
  }
},
{
  "model": "portal.pizzaingredient",
  "pk": 56,
  "fields": {
    "pizza": 9,
    "ingredient": 42,
    "order": 4
  }
},
{
  "model": "portal.pizzaingredient",
  "pk": 57,
  "fields": {
    "pizza": 10,
    "ingredient": 10,
    "order": 1
  }
},
{
  "model": "portal.pizzaingredient",
  "pk": 58,
  "fields": {
    "pizza": 10,
    "ingredient": 27,
    "order": 2
  }
},
{
  "model": "portal.pizzaingredient",
  "pk": 59,
  "fields": {
    "pizza": 10,
    "ingredient": 28,
    "order": 3
  }
},
{
  "model": "portal.pizzaingredient",
  "pk": 60,
  "fields": {
    "pizza": 10,
    "ingredient": 42,
    "order": 4
  }
},
{
  "model": "portal.pizzaingredient",
  "pk": 61,
  "fields": {
    "pizza": 11,
    "ingredient": 35,
    "order": 1
  }
},
{
  "model": "portal.pizzaingredient",
  "pk": 62,
  "fields": {
    "pizza": 11,
    "ingredient": 10,
    "order": 2
  }
},
{
  "model": "portal.pizzaingredient",
  "pk": 63,
  "fields": {
    "pizza": 11,
    "ingredient": 27,
    "order": 3
  }
},
{
  "model": "portal.pizzaingredient",
  "pk": 64,
  "fields": {
    "pizza": 11,
    "ingredient": 34,
    "order": 4
  }
},
{
  "model": "portal.pizzaingredient",
  "pk": 65,
  "fields": {
    "pizza": 11,
    "ingredient": 12,
    "order": 5
  }
},
{
  "model": "portal.pizzaingredient",
  "pk": 66,
  "fields": {
    "pizza": 11,
    "ingredient": 39,
    "order": 6
  }
},
{
  "model": "portal.pizzaingredient",
  "pk": 67,
  "fields": {
    "pizza": 11,
    "ingredient": 29,
    "order": 7
  }
},
{
  "model": "portal.pizzaingredient",
  "pk": 68,
  "fields": {
    "pizza": 11,
    "ingredient": 3,
    "order": 8
  }
},
{
  "model": "portal.pizzaingredient",
  "pk": 69,
  "fields": {
    "pizza": 11,
    "ingredient": 28,
    "order": 9
  }
},
{
  "model": "portal.pizzaingredient",
  "pk": 70,
  "fields": {
    "pizza": 11,
    "ingredient": 42,
    "order": 10
  }
},
{
  "model": "portal.pizzaingredient",
  "pk": 71,
  "fields": {
    "pizza": 12,
    "ingredient": 27,
    "order": 1
  }
},
{
  "model": "portal.pizzaingredient",
  "pk": 72,
  "fields": {
    "pizza": 12,
    "ingredient": 28,
    "order": 2
  }
},
{
  "model": "portal.pizzaingredient",
  "pk": 73,
  "fields": {
    "pizza": 12,
    "ingredient": 42,
    "order": 3
  }
},
{
  "model": "portal.pizzaingredient",
  "pk": 74,
  "fields": {
    "pizza": 13,
    "ingredient": 11,
    "order": 1
  }
},
{
  "model": "portal.pizzaingredient",
  "pk": 75,
  "fields": {
    "pizza": 13,
    "ingredient": 3,
    "order": 2
  }
},
{
  "model": "portal.pizzaingredient",
  "pk": 76,
  "fields": {
    "pizza": 13,
    "ingredient": 27,
    "order": 3
  }
},
{
  "model": "portal.pizzaingredient",
  "pk": 77,
  "fields": {
    "pizza": 13,
    "ingredient": 28,
    "order": 4
  }
},
{
  "model": "portal.pizzaingredient",
  "pk": 78,
  "fields": {
    "pizza": 13,
    "ingredient": 42,
    "order": 5
  }
},
{
  "model": "portal.pizzaingredient",
  "pk": 79,
  "fields": {
    "pizza": 14,
    "ingredient": 36,
    "order": 1
  }
},
{
  "model": "portal.pizzaingredient",
  "pk": 80,
  "fields": {
    "pizza": 14,
    "ingredient": 27,
    "order": 2
  }
},
{
  "model": "portal.pizzaingredient",
  "pk": 81,
  "fields": {
    "pizza": 14,
    "ingredient": 28,
    "order": 3
  }
},
{
  "model": "portal.pizzaingredient",
  "pk": 82,
  "fields": {
    "pizza": 14,
    "ingredient": 42,
    "order": 4
  }
},
{
  "model": "portal.pizzaingredient",
  "pk": 83,
  "fields": {
    "pizza": 15,
    "ingredient": 32,
    "order": 1
  }
},
{
  "model": "portal.pizzaingredient",
  "pk": 84,
  "fields": {
    "pizza": 15,
    "ingredient": 36,
    "order": 2
  }
},
{
  "model": "portal.pizzaingredient",
  "pk": 85,
  "fields": {
    "pizza": 15,
    "ingredient": 11,
    "order": 3
  }
},
{
  "model": "portal.pizzaingredient",
  "pk": 86,
  "fields": {
    "pizza": 15,
    "ingredient": 27,
    "order": 4
  }
},
{
  "model": "portal.pizzaingredient",
  "pk": 87,
  "fields": {
    "pizza": 15,
    "ingredient": 28,
    "order": 5
  }
},
{
  "model": "portal.pizzaingredient",
  "pk": 88,
  "fields": {
    "pizza": 15,
    "ingredient": 42,
    "order": 6
  }
},
{
  "model": "portal.pizzaingredient",
  "pk": 89,
  "fields": {
    "pizza": 16,
    "ingredient": 32,
    "order": 1
  }
},
{
  "model": "portal.pizzaingredient",
  "pk": 90,
  "fields": {
    "pizza": 16,
    "ingredient": 21,
    "order": 2
  }
},
{
  "model": "portal.pizzaingredient",
  "pk": 91,
  "fields": {
    "pizza": 16,
    "ingredient": 36,
    "order": 3
  }
},
{
  "model": "portal.pizzaingredient",
  "pk": 92,
  "fields": {
    "pizza": 16,
    "ingredient": 11,
    "order": 4
  }
},
{
  "model": "portal.pizzaingredient",
  "pk": 93,
  "fields": {
    "pizza": 16,
    "ingredient": 27,
    "order": 5
  }
},
{
  "model": "portal.pizzaingredient",
  "pk": 94,
  "fields": {
    "pizza": 16,
    "ingredient": 28,
    "order": 6
  }
},
{
  "model": "portal.pizzaingredient",
  "pk": 95,
  "fields": {
    "pizza": 16,
    "ingredient": 42,
    "order": 7
  }
},
{
  "model": "portal.pizzaingredient",
  "pk": 96,
  "fields": {
    "pizza": 17,
    "ingredient": 32,
    "order": 1
  }
},
{
  "model": "portal.pizzaingredient",
  "pk": 97,
  "fields": {
    "pizza": 17,
    "ingredient": 14,
    "order": 2
  }
},
{
  "model": "portal.pizzaingredient",
  "pk": 98,
  "fields": {
    "pizza": 17,
    "ingredient": 36,
    "order": 3
  }
},
{
  "model": "portal.pizzaingredient",
  "pk": 99,
  "fields": {
    "pizza": 17,
    "ingredient": 11,
    "order": 4
  }
},
{
  "model": "portal.pizzaingredient",
  "pk": 100,
  "fields": {
    "pizza": 17,
    "ingredient": 21,
    "order": 5
  }
},
{
  "model": "portal.pizzaingredient",
  "pk": 101,
  "fields": {
    "pizza": 17,
    "ingredient": 27,
    "order": 6
  }
},
{
  "model": "portal.pizzaingredient",
  "pk": 102,
  "fields": {
    "pizza": 17,
    "ingredient": 28,
    "order": 7
  }
},
{
  "model": "portal.pizzaingredient",
  "pk": 103,
  "fields": {
    "pizza": 17,
    "ingredient": 42,
    "order": 8
  }
},
{
  "model": "portal.pizzaingredient",
  "pk": 104,
  "fields": {
    "pizza": 18,
    "ingredient": 18,
    "order": 1
  }
},
{
  "model": "portal.pizzaingredient",
  "pk": 105,
  "fields": {
    "pizza": 18,
    "ingredient": 1,
    "order": 2
  }
},
{
  "model": "portal.pizzaingredient",
  "pk": 106,
  "fields": {
    "pizza": 18,
    "ingredient": 27,
    "order": 3
  }
},
{
  "model": "portal.pizzaingredient",
  "pk": 107,
  "fields": {
    "pizza": 18,
    "ingredient": 28,
    "order": 4
  }
},
{
  "model": "portal.pizzaingredient",
  "pk": 108,
  "fields": {
    "pizza": 18,
    "ingredient": 42,
    "order": 5
  }
},
{
  "model": "portal.pizzaingredient",
  "pk": 109,
  "fields": {
    "pizza": 19,
    "ingredient": 18,
    "order": 1
  }
},
{
  "model": "portal.pizzaingredient",
  "pk": 110,
  "fields": {
    "pizza": 19,
    "ingredient": 7,
    "order": 2
  }
},
{
  "model": "portal.pizzaingredient",
  "pk": 111,
  "fields": {
    "pizza": 19,
    "ingredient": 27,
    "order": 3
  }
},
{
  "model": "portal.pizzaingredient",
  "pk": 112,
  "fields": {
    "pizza": 19,
    "ingredient": 28,
    "order": 4
  }
},
{
  "model": "portal.pizzaingredient",
  "pk": 113,
  "fields": {
    "pizza": 19,
    "ingredient": 42,
    "order": 5
  }
},
{
  "model": "portal.pizzaingredient",
  "pk": 114,
  "fields": {
    "pizza": 20,
    "ingredient": 23,
    "order": 1
  }
},
{
  "model": "portal.pizzaingredient",
  "pk": 115,
  "fields": {
    "pizza": 20,
    "ingredient": 11,
    "order": 2
  }
},
{
  "model": "portal.pizzaingredient",
  "pk": 116,
  "fields": {
    "pizza": 20,
    "ingredient": 27,
    "order": 3
  }
},
{
  "model": "portal.pizzaingredient",
  "pk": 117,
  "fields": {
    "pizza": 20,
    "ingredient": 28,
    "order": 4
  }
},
{
  "model": "portal.pizzaingredient",
  "pk": 118,
  "fields": {
    "pizza": 20,
    "ingredient": 42,
    "order": 5
  }
},
{
  "model": "portal.pizzaingredient",
  "pk": 119,
  "fields": {
    "pizza": 21,
    "ingredient": 2,
    "order": 1
  }
},
{
  "model": "portal.pizzaingredient",
  "pk": 120,
  "fields": {
    "pizza": 21,
    "ingredient": 31,
    "order": 2
  }
},
{
  "model": "portal.pizzaingredient",
  "pk": 121,
  "fields": {
    "pizza": 21,
    "ingredient": 27,
    "order": 3
  }
},
{
  "model": "portal.pizzaingredient",
  "pk": 122,
  "fields": {
    "pizza": 21,
    "ingredient": 28,
    "order": 4
  }
},
{
  "model": "portal.pizzaingredient",
  "pk": 123,
  "fields": {
    "pizza": 21,
    "ingredient": 42,
    "order": 5
  }
},
{
  "model": "portal.pizzaingredient",
  "pk": 124,
  "fields": {
    "pizza": 22,
    "ingredient": 24,
    "order": 1
  }
},
{
  "model": "portal.pizzaingredient",
  "pk": 125,
  "fields": {
    "pizza": 22,
    "ingredient": 39,
    "order": 2
  }
},
{
  "model": "portal.pizzaingredient",
  "pk": 126,
  "fields": {
    "pizza": 22,
    "ingredient": 9,
    "order": 3
  }
},
{
  "model": "portal.pizzaingredient",
  "pk": 127,
  "fields": {
    "pizza": 22,
    "ingredient": 11,
    "order": 4
  }
},
{
  "model": "portal.pizzaingredient",
  "pk": 128,
  "fields": {
    "pizza": 22,
    "ingredient": 27,
    "order": 5
  }
},
{
  "model": "portal.pizzaingredient",
  "pk": 129,
  "fields": {
    "pizza": 22,
    "ingredient": 28,
    "order": 6
  }
},
{
  "model": "portal.pizzaingredient",
  "pk": 130,
  "fields": {
    "pizza": 22,
    "ingredient": 42,
    "order": 7
  }
},
{
  "model": "portal.pizzaingredient",
  "pk": 131,
  "fields": {
    "pizza": 23,
    "ingredient": 31,
    "order": 1
  }
},
{
  "model": "portal.pizzaingredient",
  "pk": 132,
  "fields": {
    "pizza": 23,
    "ingredient": 27,
    "order": 2
  }
},
{
  "model": "portal.pizzaingredient",
  "pk": 133,
  "fields": {
    "pizza": 23,
    "ingredient": 28,
    "order": 3
  }
},
{
  "model": "portal.pizzaingredient",
  "pk": 134,
  "fields": {
    "pizza": 23,
    "ingredient": 42,
    "order": 4
  }
},
{
  "model": "portal.pizzaingredient",
  "pk": 135,
  "fields": {
    "pizza": 24,
    "ingredient": 39,
    "order": 1
  }
},
{
  "model": "portal.pizzaingredient",
  "pk": 136,
  "fields": {
    "pizza": 24,
    "ingredient": 27,
    "order": 2
  }
},
{
  "model": "portal.pizzaingredient",
  "pk": 137,
  "fields": {
    "pizza": 24,
    "ingredient": 28,
    "order": 3
  }
},
{
  "model": "portal.pizzaingredient",
  "pk": 138,
  "fields": {
    "pizza": 24,
    "ingredient": 42,
    "order": 4
  }
},
{
  "model": "portal.pizzaingredient",
  "pk": 139,
  "fields": {
    "pizza": 25,
    "ingredient": 40,
    "order": 1
  }
},
{
  "model": "portal.pizzaingredient",
  "pk": 140,
  "fields": {
    "pizza": 25,
    "ingredient": 4,
    "order": 2
  }
},
{
  "model": "portal.pizzaingredient",
  "pk": 141,
  "fields": {
    "pizza": 25,
    "ingredient": 32,
    "order": 3
  }
},
{
  "model": "portal.pizzaingredient",
  "pk": 142,
  "fields": {
    "pizza": 25,
    "ingredient": 37,
    "order": 4
  }
},
{
  "model": "portal.pizzaingredient",
  "pk": 143,
  "fields": {
    "pizza": 25,
    "ingredient": 27,
    "order": 5
  }
},
{
  "model": "portal.pizzaingredient",
  "pk": 144,
  "fields": {
    "pizza": 25,
    "ingredient": 28,
    "order": 6
  }
},
{
  "model": "portal.pizzaingredient",
  "pk": 145,
  "fields": {
    "pizza": 25,
    "ingredient": 42,
    "order": 7
  }
},
{
  "model": "portal.pizzaingredient",
  "pk": 146,
  "fields": {
    "pizza": 26,
    "ingredient": 1,
    "order": 1
  }
},
{
  "model": "portal.pizzaingredient",
  "pk": 147,
  "fields": {
    "pizza": 26,
    "ingredient": 41,
    "order": 2
  }
},
{
  "model": "portal.pizzaingredient",
  "pk": 148,
  "fields": {
    "pizza": 26,
    "ingredient": 13,
    "order": 3
  }
},
{
  "model": "portal.pizzaingredient",
  "pk": 149,
  "fields": {
    "pizza": 26,
    "ingredient": 27,
    "order": 4
  }
},
{
  "model": "portal.pizzaingredient",
  "pk": 150,
  "fields": {
    "pizza": 26,
    "ingredient": 28,
    "order": 5
  }
},
{
  "model": "portal.pizzaingredient",
  "pk": 151,
  "fields": {
    "pizza": 26,
    "ingredient": 42,
    "order": 6
  }
},
{
  "model": "portal.pizzaingredient",
  "pk": 152,
  "fields": {
    "pizza": 27,
    "ingredient": 24,
    "order": 1
  }
},
{
  "model": "portal.pizzaingredient",
  "pk": 153,
  "fields": {
    "pizza": 27,
    "ingredient": 5,
    "order": 2
  }
},
{
  "model": "portal.pizzaingredient",
  "pk": 154,
  "fields": {
    "pizza": 27,
    "ingredient": 27,
    "order": 3
  }
},
{
  "model": "portal.pizzaingredient",
  "pk": 155,
  "fields": {
    "pizza": 27,
    "ingredient": 28,
    "order": 4
  }
},
{
  "model": "portal.pizzaingredient",
  "pk": 156,
  "fields": {
    "pizza": 27,
    "ingredient": 42,
    "order": 5
  }
},
{
  "model": "portal.pizzaingredient",
  "pk": 157,
  "fields": {
    "pizza": 28,
    "ingredient": 9,
    "order": 1
  }
},
{
  "model": "portal.pizzaingredient",
  "pk": 158,
  "fields": {
    "pizza": 28,
    "ingredient": 11,
    "order": 2
  }
},
{
  "model": "portal.pizzaingredient",
  "pk": 159,
  "fields": {
    "pizza": 28,
    "ingredient": 27,
    "order": 3
  }
},
{
  "model": "portal.pizzaingredient",
  "pk": 160,
  "fields": {
    "pizza": 28,
    "ingredient": 28,
    "order": 4
  }
},
{
  "model": "portal.pizzaingredient",
  "pk": 161,
  "fields": {
    "pizza": 28,
    "ingredient": 42,
    "order": 5
  }
},
{
  "model": "portal.pizzaingredient",
  "pk": 162,
  "fields": {
    "pizza": 29,
    "ingredient": 10,
    "order": 1
  }
},
{
  "model": "portal.pizzaingredient",
  "pk": 163,
  "fields": {
    "pizza": 29,
    "ingredient": 35,
    "order": 2
  }
},
{
  "model": "portal.pizzaingredient",
  "pk": 164,
  "fields": {
    "pizza": 29,
    "ingredient": 3,
    "order": 3
  }
},
{
  "model": "portal.pizzaingredient",
  "pk": 165,
  "fields": {
    "pizza": 29,
    "ingredient": 34,
    "order": 4
  }
},
{
  "model": "portal.pizzaingredient",
  "pk": 166,
  "fields": {
    "pizza": 29,
    "ingredient": 33,
    "order": 5
  }
},
{
  "model": "portal.pizzaingredient",
  "pk": 167,
  "fields": {
    "pizza": 29,
    "ingredient": 27,
    "order": 6
  }
},
{
  "model": "portal.pizzaingredient",
  "pk": 168,
  "fields": {
    "pizza": 29,
    "ingredient": 28,
    "order": 7
  }
},
{
  "model": "portal.pizzaingredient",
  "pk": 169,
  "fields": {
    "pizza": 29,
    "ingredient": 42,
    "order": 8
  }
},
{
  "model": "portal.pizzaingredient",
  "pk": 170,
  "fields": {
    "pizza": 30,
    "ingredient": 6,
    "order": 1
  }
},
{
  "model": "portal.pizzaingredient",
  "pk": 171,
  "fields": {
    "pizza": 30,
    "ingredient": 20,
    "order": 2
  }
},
{
  "model": "portal.pizzaingredient",
  "pk": 172,
  "fields": {
    "pizza": 30,
    "ingredient": 27,
    "order": 3
  }
},
{
  "model": "portal.pizzaingredient",
  "pk": 173,
  "fields": {
    "pizza": 30,
    "ingredient": 42,
    "order": 4
  }
},
{
  "model": "portal.pizzaingredient",
  "pk": 174,
  "fields": {
    "pizza": 31,
    "ingredient": 15,
    "order": 1
  }
},
{
  "model": "portal.pizzaingredient",
  "pk": 175,
  "fields": {
    "pizza": 31,
    "ingredient": 27,
    "order": 2
  }
},
{
  "model": "portal.pizzaingredient",
  "pk": 176,
  "fields": {
    "pizza": 31,
    "ingredient": 42,
    "order": 3
  }
},
{
  "model": "portal.pizzaingredient",
  "pk": 177,
  "fields": {
    "pizza": 32,
    "ingredient": 15,
    "order": 1
  }
},
{
  "model": "portal.pizzaingredient",
  "pk": 178,
  "fields": {
    "pizza": 32,
    "ingredient": 33,
    "order": 2
  }
},
{
  "model": "portal.pizzaingredient",
  "pk": 179,
  "fields": {
    "pizza": 32,
    "ingredient": 27,
    "order": 3
  }
},
{
  "model": "portal.pizzaingredient",
  "pk": 180,
  "fields": {
    "pizza": 32,
    "ingredient": 42,
    "order": 4
  }
},
{
  "model": "portal.pizzaingredient",
  "pk": 181,
  "fields": {
    "pizza": 33,
    "ingredient": 15,
    "order": 1
  }
},
{
  "model": "portal.pizzaingredient",
  "pk": 182,
  "fields": {
    "pizza": 33,
    "ingredient": 26,
    "order": 2
  }
},
{
  "model": "portal.pizzaingredient",
  "pk": 183,
  "fields": {
    "pizza": 33,
    "ingredient": 27,
    "order": 3
  }
},
{
  "model": "portal.pizzaingredient",
  "pk": 184,
  "fields": {
    "pizza": 33,
    "ingredient": 42,
    "order": 4
  }
},
{
  "model": "portal.pizzaingredient",
  "pk": 185,
  "fields": {
    "pizza": 34,
    "ingredient": 15,
    "order": 1
  }
},
{
  "model": "portal.pizzaingredient",
  "pk": 186,
  "fields": {
    "pizza": 34,
    "ingredient": 8,
    "order": 2
  }
},
{
  "model": "portal.pizzaingredient",
  "pk": 187,
  "fields": {
    "pizza": 34,
    "ingredient": 27,
    "order": 3
  }
},
{
  "model": "portal.pizzaingredient",
  "pk": 188,
  "fields": {
    "pizza": 34,
    "ingredient": 42,
    "order": 4
  }
},
{
  "model": "portal.pizzaingredient",
  "pk": 189,
  "fields": {
    "pizza": 35,
    "ingredient": 15,
    "order": 1
  }
},
{
  "model": "portal.pizzaingredient",
  "pk": 190,
  "fields": {
    "pizza": 35,
    "ingredient": 25,
    "order": 2
  }
},
{
  "model": "portal.pizzaingredient",
  "pk": 191,
  "fields": {
    "pizza": 35,
    "ingredient": 27,
    "order": 3
  }
},
{
  "model": "portal.pizzaingredient",
  "pk": 192,
  "fields": {
    "pizza": 35,
    "ingredient": 42,
    "order": 4
  }
},
{
  "model": "portal.pizzaingredient",
  "pk": 193,
  "fields": {
    "pizza": 36,
    "ingredient": 15,
    "order": 1
  }
},
{
  "model": "portal.pizzaingredient",
  "pk": 194,
  "fields": {
    "pizza": 36,
    "ingredient": 16,
    "order": 2
  }
},
{
  "model": "portal.pizzaingredient",
  "pk": 195,
  "fields": {
    "pizza": 36,
    "ingredient": 22,
    "order": 3
  }
},
{
  "model": "portal.pizzaingredient",
  "pk": 196,
  "fields": {
    "pizza": 36,
    "ingredient": 27,
    "order": 4
  }
},
{
  "model": "portal.pizzaingredient",
  "pk": 197,
  "fields": {
    "pizza": 36,
    "ingredient": 42,
    "order": 5
  }
}
]
